Region,Location,Center,Process Value   Level 1,Process Value   Level 2
India,Hyderabad,BSR TECH PARK,CMT,TEMU
India,Hyderabad,BSR TECH PARK,CMT,PURCHASE POWER
India,Hyderabad,BSR TECH PARK,CMT,GEMINI
India,Hyderabad,BSR TECH PARK,Comcast,XM Repair
India,Hyderabad,BSR TECH PARK,Comcast,Core Repair
India,Hyderabad,BSR TECH PARK,Comcast,AM-Voice
India,Hyderabad,BSR TECH PARK,Comcast,AM-Chat
India,Mumbai,4th Dimension,FSA-Jcap,Jcap US
India,Mumbai,4th Dimension,FSA-Jcap,Jcap UK
India,Mumbai,4th Dimension,FSA-Jcap,Jcap Cannada
India,Vijayawada,FSVijayawada-Datta Towers,Corporate,Corporate - Admin
India,Vijayawada,FSVijayawada-Datta Towers,Corporate,Corporate - HR
India,Hyderabad,BSR TECH PARK,Truckstop,FMA
India,Hyderabad,BSR TECH PARK,Truckstop,ITSD
India,Hyderabad,BSR TECH PARK,Truckstop,RMIS
India,Hyderabad,BSR TECH PARK,Truckstop,FACTORING
India,Trichy,FSRajaComplex,Medica,Medica PDM
India,Trichy,FSRajaComplex,Medica,Medica Intake
India,Trichy,FSRajaComplex,Medica,Medica Enrollment
India,Trichy,FSRajaComplex,Medica,Medica A & G
India,Trichy,FSRajaComplex,Medica,DHP Claims
India,Trichy,FSRajaComplex,Medica,Medica Claims
India,Chennai,ETA - Bayline Infocity Ltd,Emblem Health,EH – Non-Claims
India,Chennai,ETA - Bayline Infocity Ltd,Emblem Health,EH – Claims
India,Chennai,ETA - Bayline Infocity Ltd,Emblem Health,EH – RMO
India,Chennai,ETA - Bayline Infocity Ltd,Healthfirst,Healthfirst HRA
India,Mumbai,Paradigm,NOW TV,Non- Voice
India,Mumbai,Paradigm,NOW TV,Voice
India,Mumbai,Paradigm,NOW TV,NOW TV
India,Mumbai,Paradigm,TSB,BO
India,Mumbai,Paradigm,TSB,Chat
India,Hyderabad,BSR TECH PARK,CA ANZ,CA ANZ
India,Hyderabad,BSR TECH PARK,2U,2U
India,Hyderabad,BSR TECH PARK,SMU,SMU
India,Hyderabad,BSR TECH PARK,CEG,CEG
India,Hyderabad,BSR TECH PARK,ETS,ETS Proctoring
India,Hyderabad,BSR TECH PARK,ETS,ETS Customer Contact Center
India,Hyderabad,BSR TECH PARK,ETS,ETS GCC
India,Hyderabad,BSR TECH PARK,Truckstop,
India,Mumbai,Paradigm,NBS,Non Voice
India,Bangalore,Brigade Tech Garden,Neustar,Neustar THOR
India,Bangalore,Brigade Tech Garden,Neustar,Neustar FTR
India,Bangalore,Brigade Tech Garden,Neustar,Neustar Non FTR
India,Hyderabad,BSR TECH PARK,CMT,VIDA
India,Hyderabad,BSR TECH PARK,Sky,Sky Germany
India,Hyderabad,BSR TECH PARK,Sky,Sales-SUV
India,Hyderabad,BSR TECH PARK,Cigna,Cigna EDSM
India,Hyderabad,BSR TECH PARK,Cigna,Cigna Claims
India,Hyderabad,BSR TECH PARK,Cigna,Cigna Provider
India,Hyderabad,BSR TECH PARK,Administration,Administration
India,Hyderabad,BSR TECH PARK,Caliber Home Loans,Pre-Close Audit
India,Hyderabad,BSR TECH PARK,Human Resources,Employee Experience
India,Hyderabad,BSR TECH PARK,Loan Depot,Component Services
India,Hyderabad,BSR TECH PARK,NewRez,Approval review
India,Hyderabad,BSR TECH PARK,NewRez,COC
India,Hyderabad,BSR TECH PARK,NewRez,DTC ICD
India,Hyderabad,BSR TECH PARK,NewRez,DTU
India,Hyderabad,BSR TECH PARK,NewRez,FSS
India,Hyderabad,BSR TECH PARK,NewRez,Title
India,Hyderabad,BSR TECH PARK,NewRez Caliber,Wholesale
India,Hyderabad,BSR TECH PARK,NewRez Caliber,Wholesale DTU
India,Hyderabad,BSR TECH PARK,Operational Excellence,Operational Excellence
India,Hyderabad,BSR TECH PARK,Platform Based Solutions,Ileverage - SP
India,Hyderabad,BSR TECH PARK,Pulte Mortgage,Underwriting
India,Hyderabad,BSR TECH PARK,US Bank,Servicing
India,Hyderabad,BSR TECH PARK,CMT,VILJ
India,Bangalore,Brigade Tech Garden,Sky,ROI
India,Bangalore,Brigade Tech Garden,Sky,WOW-NOW Germany
India,Bangalore,Brigade Tech Garden,Nowtv,Now BB
India,Bangalore,Brigade Tech Garden,Nowtv,Now chat
India,Bangalore,Brigade Tech Garden,Sky,Sky Business
India,Bangalore,Brigade Tech Garden,Sky,P2-Emails
India,Bangalore,Brigade Tech Garden,Sky,ORT
India,Bangalore,Brigade Tech Garden,Sky,Service-TV Help
India,Chennai,ETA - Bayline Infocity Ltd,Bayview,Compliance Review
India,Chennai,ETA - Bayline Infocity Ltd,Bayview,Pre Purchase Review
India,Chennai,ETA - Bayline Infocity Ltd,Caliber Home Loans,Pre-UW Audit
India,Chennai,ETA - Bayline Infocity Ltd,Capability Development,Learning & Development
India,Chennai,ETA - Bayline Infocity Ltd,Finance of America,Mortgage Originations
India,Chennai,ETA - Bayline Infocity Ltd,Guaranteed Rate,Disclosure Desk
India,Chennai,ETA - Bayline Infocity Ltd,Guaranteed Rate,Final VOE
India,Chennai,ETA - Bayline Infocity Ltd,Mr. Cooper,Flash Project
India,Chennai,ETA - Bayline Infocity Ltd,NewRez,Disclosure Review
India,Chennai,ETA - Bayline Infocity Ltd,NewRez,Pre-Approval
India,Chennai,ETA - Bayline Infocity Ltd,NFM Lending,Junior Underwriting
India,Chennai,ETA - Bayline Infocity Ltd,Opendoor,BPO
India,Chennai,ETA - Bayline Infocity Ltd,Opendoor,Market Ops
India,Chennai,ETA - Bayline Infocity Ltd,Opendoor,Open Exchange
India,Chennai,ETA - Bayline Infocity Ltd,Planet Home Lending,Closing Services
India,Chennai,ETA - Bayline Infocity Ltd,Planet Home Lending,Funding Services
India,Chennai,ETA - Bayline Infocity Ltd,Planet Home Lending,Initial Closing Disclosure
India,Chennai,ETA - Bayline Infocity Ltd,Planet Home Lending,LOAN SETUP
India,Chennai,ETA - Bayline Infocity Ltd,Pulte Mortgage,UW Clearing Conditions
India,Chennai,ETA - Bayline Infocity Ltd,Quality Control,Quality Control
India,Chennai,ETA - Bayline Infocity Ltd,Sierra Pacific,Loan Estimate & Closing Disclosure
India,Mumbai,TRIL,Sky,Messaging & RTM Voice/Insight
India,Mumbai,TRIL,Sky,Sales-NOW
India,Mumbai,TRIL,Sky,Sales-Outbound
India,Hyderabad,Sohini Tech Park,Corporate,Corporate - WFM
India,Hyderabad,Sohini Tech Park,Corporate,Corporate - US Team
India,Hyderabad,Sohini Tech Park,Corporate,Corporate - UK Team
India,Hyderabad,Sohini Tech Park,Corporate,Corporate - Transition
India,Hyderabad,Sohini Tech Park,Corporate,Corporate - Training
India,Hyderabad,Sohini Tech Park,Corporate,Corporate - Technology
India,Hyderabad,Sohini Tech Park,Corporate,Corporate - Software
India,Hyderabad,Sohini Tech Park,Corporate,Corporate - Shared Services
India,Hyderabad,Sohini Tech Park,Corporate,Corporate - Recruitment
India,Hyderabad,Sohini Tech Park,Corporate,Corporate - Quality
India,Hyderabad,Sohini Tech Park,Corporate,Corporate - Process Excellence
India,Hyderabad,Sohini Tech Park,Corporate,Corporate - Process Analyst
India,Hyderabad,Sohini Tech Park,Corporate,Corporate - Marketing
India,Hyderabad,Sohini Tech Park,Corporate,Corporate - Info Sec
India,Hyderabad,Sohini Tech Park,Corporate,Corporate - Finance
India,Hyderabad,Sohini Tech Park,Corporate,Corporate - ERM
India,Hyderabad,Sohini Tech Park,Corporate,Corporate - Business Analyst
India,Mumbai,Paradigm,Corporate,Corporate â€“ Genie
India,Chennai,ETA - Bayline Infocity Ltd,Sentara,Sentara-RMO
India,Trichy,Raja Complex,Title Services,Title & Closing
India,Trichy,Raja Complex,Title Services,Property Reports
India,Trichy,Raja Complex,Sierra Pacific,Indexing
India,Trichy,Raja Complex,Servbank,Legal Review Processing
India,Trichy,Raja Complex,Servbank,Document Upload
India,Trichy,Raja Complex,Servbank,Default Servicing
India,Trichy,Raja Complex,Servbank,Call Quality Monitoring
India,Trichy,Raja Complex,Reverse Mortgage Clients,Title Review and Curative
India,Trichy,Raja Complex,Renovo Component Services,Setup
India,Trichy,Raja Complex,QCMC,HAZARD CLAIMS PROCESSING
India,Trichy,Raja Complex,Pulte Mortgage,Component
India,Trichy,Raja Complex,PGP Title,Title Support
India,Trichy,Raja Complex,OS National,Title & Escrow Services
India,Trichy,Raja Complex,Norwich Commercial Group,OPENING SUPPORT
India,Trichy,Raja Complex,NFM Lending,Trailing Docs
India,Trichy,Raja Complex,Nationstar,MASTER AUDIT
India,Trichy,Raja Complex,MaxEx,TPR Delivery
India,Trichy,Raja Complex,Loan Depot,Post Closing Indexing
India,Trichy,Raja Complex,LENDINGONE,Post Closing
India,Trichy,Raja Complex,Guaranteed Rate,Processing Support
India,Trichy,Raja Complex,Guaranteed Rate,Adverse Action
India,Trichy,Raja Complex,FBC Mortgage,UCD/ULDD Services
India,Trichy,Raja Complex,CMG,RETAIL
India,Trichy,Raja Complex,CMG,Post Close
India,Mumbai,4th Dimension,Planet Home Lending,PHL UW
India,Mumbai,4th Dimension,NewRez Caliber,Wholesale COC
India,Mumbai,4th Dimension,NewRez Caliber,Wholesale CL1
India,Mumbai,4th Dimension,NewRez Caliber,Retail CL1 DTU
India,Mumbai,4th Dimension,NewRez Caliber,HFA Brokered
India,Mumbai,4th Dimension,Nationstar,Appraisal Review
India,Mumbai,4th Dimension,Guaranteed Rate,Adverse Action Services
India,Mumbai,4th Dimension,Bayview,Data Entry
India,Mumbai,4th Dimension,Bayview,Conventional UW
India,Mumbai,4th Dimension,Bayview,Component Closing
India,Bangalore,Brigade Tech Garden,Workforce Management,Workforce Management
India,Bangalore,Brigade Tech Garden,TSHG,Closing Support
India,Bangalore,Brigade Tech Garden,TSG - Quality Control,TSG - Quality Control
India,Bangalore,Brigade Tech Garden,TSG,Closing Collateral
India,Bangalore,Brigade Tech Garden,Taylor Morrison Funding,Initial Disclosure
India,Bangalore,Brigade Tech Garden,Taylor Morrison Funding,Final Doc Tracking
India,Bangalore,Brigade Tech Garden,Sierra Pacific,Post Closing - TRID Audit
India,Bangalore,Brigade Tech Garden,Sierra Pacific,Post Closing - Trailing Docs - DS
India,Bangalore,Brigade Tech Garden,Servbank,Post Closing UW QC
India,Bangalore,Brigade Tech Garden,Servbank,Default Servicing - Quality Control
India,Bangalore,Brigade Tech Garden,Servbank,Customer Management
India,Bangalore,Brigade Tech Garden,Servbank,CORRESPONDENT
India,Bangalore,Brigade Tech Garden,Renovo Component Services,Loan Administration
India,Bangalore,Brigade Tech Garden,Planet Home Lending,Trid Review And PCCD
India,Bangalore,Brigade Tech Garden,Planet Home Lending,Streamline LM UW
India,Bangalore,Brigade Tech Garden,Planet Home Lending,Streamline LM Closing
India,Bangalore,Brigade Tech Garden,Planet Home Lending,Loan Delivery
India,Bangalore,Brigade Tech Garden,PHH Mortgage,NY Vacant HOA
India,Bangalore,Brigade Tech Garden,PGP Title,BPO - Title Services
India,Bangalore,Brigade Tech Garden,Orchard Technologies,Title Services
India,Bangalore,Brigade Tech Garden,Orchard Technologies,Document Processing
India,Bangalore,Brigade Tech Garden,NewRez,DTC COC
India,Bangalore,Brigade Tech Garden,NewRez,Adhoc Support
India,Bangalore,Brigade Tech Garden,Nationstar,SALES DECLINE
India,Bangalore,Brigade Tech Garden,Nationstar,FHA
India,Bangalore,Brigade Tech Garden,Loan Depot,Indexing & Data Extraction
India,Bangalore,Brigade Tech Garden,Loan Depot,Processing & System Changes
India,Bangalore,Brigade Tech Garden,Loan Depot,ARM Audit & Re-Casting
India,Bangalore,Brigade Tech Garden,Guaranteed Rate,Reiew and Audit QC files
India,Bangalore,Brigade Tech Garden,Guaranteed Rate,Purchase Analyst
India,Bangalore,Brigade Tech Garden,FBC Mortgage,Post Closing - TRID Audit & PCCD
India,Bangalore,Brigade Tech Garden,Encore Finance,PreClose Services
India,Bangalore,Brigade Tech Garden,Cenlar FSB,Cenlar Quality Control
India,Bangalore,Brigade Tech Garden,Celink,WFM
India,Bangalore,Brigade Tech Garden,Caliber Home Loans,Post Close - Loan Delivery
India,Bangalore,Brigade Tech Garden,Business Excellence,Business Excellence
India,Bangalore,Brigade Tech Garden,Bayview,Redisclosure Specialist
India,Bangalore,Brigade Tech Garden,Bayview,Invoice Processing
India,Bangalore,Brigade Tech Garden,Bayview,Govt Insuring Audit
India,Bangalore,Brigade Tech Garden,Bayview,Escrow PayOff
India,Bangalore,Brigade Tech Garden,Bayview,Closing & Collateral - DS
India,Bangalore,Brigade Tech Garden,AmeriSave Mortgage,Lead Generation
India,Hyderabad,BSR TECH PARK,CMT,APPLE
India,Mumbai,Paradigm,LBG - Voice,LBG - Voice
India,Mumbai,Paradigm,LBG - Data,LBG - MO - Servicing
India,Mumbai,Paradigm,LBG - Data,LBG - Webchat
India,Mumbai,Paradigm,LBG - Data,LBG - Messaging
India,Mumbai,4th Dimension,FSA-Comcast,Comcast - Collections
India,Mumbai,4th Dimension,FSA-Certegy IND,Certegy IND
India,Mumbai,4th Dimension,FSA-Synchrony Bank,Synchrony Bank
India,Mumbai,4th Dimension,FSA-Continental Finance,Continental Finance
India,Mumbai,4th Dimension,FSA-Conservice,Conservice
India,Mumbai,4th Dimension,FSA-RMC,RMC
India,Mumbai,4th Dimension,FSA-Amex,Amex UK
India,Mumbai,4th Dimension,FSA-Amex,Amex 3P
India,Mumbai,4th Dimension,FSA-Amex,Amex 1P Chat
India,Mumbai,4th Dimension,FSA-Amex,Amex 1P Non Digital
India,Mumbai,4th Dimension,FSA-Amex,Amex 1P Digital
India,Mumbai,4th Dimension,Nowtv,Nowtv Voice
India,Mumbai,4th Dimension,Nowtv,Nowtv Chat
India,Mumbai,Paradigm,Sky,Planning & Admin
India,Chennai,ETA - Bayline Infocity Ltd,Molina,Claims - ADJ
India,Pondicherry,Pondicherry-Savitha Plaza,UHG,UHG_TLK
India,Pondicherry,Pondicherry-Savitha Plaza,UHG,UHG_Liberty
India,Pondicherry,Pondicherry-Savitha Plaza,UHG,UHG_Hoosier
India,Pondicherry,Pondicherry-Savitha Plaza,UHG,UHG_FACETS
India,Pondicherry,Pondicherry-Savitha Plaza,UHG,UHG_CDK
India,Pondicherry,Pondicherry-Savitha Plaza,UHG,UHG_CAMS
India,Pondicherry,Pondicherry-Savitha Plaza,UHG,UHG_Americhoice
India,Pondicherry,Pondicherry-Savitha Plaza,UHG,UHG UNET
India,Pondicherry,Pondicherry-Savitha Plaza,UHG,UHG DE
India,Pondicherry,Pondicherry-Savitha Plaza,UHG,UHG CART
India,Pondicherry,Pondicherry-Savitha Plaza,UHG,UHG â€“ PDL
India,Pondicherry,Pondicherry-Savitha Plaza,UHG,Denali â€“ 4 Hrs TAT(PCCF)
India,Pondicherry,Pondicherry-Savitha Plaza,UHG,Denali
India,Pondicherry,Pondicherry-Savitha Plaza,UHG,Everest
India,Pondicherry,Pondicherry-Savitha Plaza,UHG,Everest Sympraxis
India,Hyderabad,Sohini Tech Park,Provider,Envision
India,Hyderabad,Sohini Tech Park,Provider,Blount/NY
India,Hyderabad,Sohini Tech Park,Provider,Jackson Health
India,Hyderabad,Sohini Tech Park,Provider,Baptist Health
India,Hyderabad,Sohini Tech Park,Provider,RCM
India,Vijayawada,FSVijayawada-Datta Towers,GHX,Sympra_ODAP
India,Vijayawada,FSVijayawada-Datta Towers,Corporate,LMS
India,Vijayawada,FSVijayawada-Datta Towers,GHX,GHX - Solitaire
India,Trichy,FSRajaComplex,Hudson,Hudson-DE
India,Trichy,FSRajaComplex,Hooseier,Hooseier DE
India,Trichy,FSRajaComplex,Emblem,Emblem Health
India,Trichy,FSRajaComplex,UNET,UNET
India,Trichy,FSRajaComplex,UPR,UPR - UHG
India,Trichy,FSRajaComplex,UHG,UHG_PDL
India,Trichy,FSRajaComplex,Tech,Tech Team
India,Trichy,FSRajaComplex,River,River Valley
India,Trichy,FSRajaComplex,Ops,Ops Mgmt
India,Trichy,FSRajaComplex,Liberty,Liberty
India,Trichy,FSRajaComplex,Hoosier,Hoosier
India,Trichy,FSRajaComplex,Finance,Finance
India,Trichy,FSRajaComplex,Everest,Everest-Sympraxis
India,Indore,FSIndore - WFH,GHX,GHX Solitaire
India,Indore,FSIndore - WFH,GHX,GHX ODAP
India,Indore,FSIndore - WFH,GHX,GHX Content Services
India,Indore,FSIndore - WFH,Corporate,Corporate-Corporate Communication
India,Bangalore,Brigade Tech Garden,Millstone,Millstone
India,Bangalore,Brigade Tech Garden,HMSA,HMSA Shared Services
India,Bangalore,Brigade Tech Garden,HMSA,HMSA ProviderOps
India,Bangalore,Brigade Tech Garden,HMSA,HMSA Enrollment
India,Bangalore,Brigade Tech Garden,HMSA,HMSA Config
India,Bangalore,Brigade Tech Garden,HMSA,HMSA Admin Services
India,Bangalore,Brigade Tech Garden,HMSA,HMSA - Claims
India,Chennai,Ozone Techno Park(Platinum Holdings),Humana,Humana Claims
India,Chennai,Ozone Techno Park(Platinum Holdings),HMSA,HMSA PDM
India,Chennai,Ozone Techno Park(Platinum Holdings),HMSA,HMSA Claims
India,Chennai,ETA - Bayline Infocity Ltd,UHC,UHC MEWA
India,Chennai,ETA - Bayline Infocity Ltd,Excellus,Excellus Offshore
India,Chennai,ETA - Bayline Infocity Ltd,Sentara,Sentara Offshore
India,Chennai,ETA - Bayline Infocity Ltd,E-Invoicing,EInvoicing DC
India,Chennai,ETA - Bayline Infocity Ltd,E-Invoicing,EInvoicing EI
India,Chennai,ETA - Bayline Infocity Ltd,JHMR,JHMR
India,Chennai,ETA - Bayline Infocity Ltd,Oxford,Oxford
India,Chennai,ETA - Bayline Infocity Ltd,GHX,GHX_ODAP_DE
India,Chennai,ETA - Bayline Infocity Ltd,Cigna,Cigna Dental RMO
India,Chennai,ETA - Bayline Infocity Ltd,Cigna,Cigna Dental DE
India,Chennai,ETA - Bayline Infocity Ltd,BCBS,Blue Shield of California
India,Chennai,ETA - Bayline Infocity Ltd,Healthfirst,Healthfirst RMO
India,Chennai,ETA - Bayline Infocity Ltd,Healthfirst,Healthfirst DE
India,Chennai,ETA - Bayline Infocity Ltd,GHX,GHX Solitaire AU
India,Chennai,ETA - Bayline Infocity Ltd,GHX,GHX Solitaire US
India,Chennai,ETA - Bayline Infocity Ltd,GHX,GHX Solitaire EU
India,Chennai,ETA - Bayline Infocity Ltd,GHX,GHX ODAP Providence
India,Chennai,ETA - Bayline Infocity Ltd,GHX,GHX ODAP Regular
India,Chennai,ETA - Bayline Infocity Ltd,GHX,GHX ODAP RMO
India,Chennai,ETA - Bayline Infocity Ltd,Corporate,Corporate UK
India,Chennai,ETA - Bayline Infocity Ltd,UPR,UPR_UHG
India,Chennai,ETA - Bayline Infocity Ltd,HMSA,HMSA Adminservices
India,Chennai,ETA - Bayline Infocity Ltd,Tier1,Tier1
India,Chennai,ETA - Bayline Infocity Ltd,Slender DE,Slender DE
India,Chennai,ETA - Bayline Infocity Ltd,Simpsons,Simpsons
India,Chennai,ETA - Bayline Infocity Ltd,Random House,Random House
India,Chennai,ETA - Bayline Infocity Ltd,Packers,Packers
India,Chennai,ETA - Bayline Infocity Ltd,Order Fulfilment,Order Fulfilment
India,Chennai,ETA - Bayline Infocity Ltd,Octave,Octave
India,Chennai,ETA - Bayline Infocity Ltd,Niagara,Niagara
India,Chennai,ETA - Bayline Infocity Ltd,Molina,Molina Claims offshore
India,Chennai,ETA - Bayline Infocity Ltd,MedAssist,MedAssist
India,Chennai,ETA - Bayline Infocity Ltd,Matrix,Matrix
India,Chennai,ETA - Bayline Infocity Ltd,Liberty,Liberty DE
India,Chennai,ETA - Bayline Infocity Ltd,Justice,Justice-MCR
India,Chennai,ETA - Bayline Infocity Ltd,Justice,Justice-Adcode
India,Chennai,ETA - Bayline Infocity Ltd,GHX,GHX-Solitaire_Sympraxis
India,Chennai,ETA - Bayline Infocity Ltd,GHX,GHX-Solitaire
India,Chennai,ETA - Bayline Infocity Ltd,GHX,GHX-MI
India,Chennai,ETA - Bayline Infocity Ltd,GHX,GHX-Maximus
India,Chennai,ETA - Bayline Infocity Ltd,GHX,GHX-Emerald
India,Chennai,ETA - Bayline Infocity Ltd,Explorer,Explorer
India,Chennai,ETA - Bayline Infocity Ltd,CSP,CSP-Sympraxis
India,Chennai,ETA - Bayline Infocity Ltd,CSP,CSP-DE
India,Chennai,ETA - Bayline Infocity Ltd,Cleveland Clinic,Cleveland Clinic
India,Chennai,ETA - Bayline Infocity Ltd,Black Gold,Black Gold
India,Chennai,ETA - Bayline Infocity Ltd,BCBS,BCBS - Excellus
India,Chennai,ETA - Bayline Infocity Ltd,Amazon,Amazon-SITB
India,Chennai,ETA - Bayline Infocity Ltd,Adperfect,Adperfect
India,Mumbai,4th Dimension,FSA-Affirm,Affirm Frops
India,Mumbai,4th Dimension,FSA-Affirm,Affirm Care
